{
  "fixed_time": {
    "avg_queue": 2219.0757344849903,
    "cumulative_queue": 532578.1762763977,
    "throughput": 13168.8720703125
  },
  "max_pressure": {
    "avg_queue": 2481.0868520066474,
    "cumulative_queue": 595460.8444815953,
    "throughput": 12639.626953125
  },
  "transformer": {
    "avg_queue": 2524.3257392133605,
    "cumulative_queue": 605838.1774112065,
    "throughput": 12573.498046875
  }
}