{
  "fixed_time": {
    "avg_queue": 2219.0757344849903,
    "cumulative_queue": 532578.1762763977,
    "throughput": 13168.8720703125
  },
  "max_pressure": {
    "avg_queue": 2481.0868520066474,
    "cumulative_queue": 595460.8444815953,
    "throughput": 12639.626953125
  },
  "transformer": {
    "avg_queue": 4368.139581365585,
    "cumulative_queue": 1048353.4995277405,
    "throughput": 8768.3291015625
  }
}